Proposta,Eixo
Construção e equipagem de prontos-socorros modernos com capacidade de atendimento de alta complexidade.,Saúde
Contratação e capacitação de profissionais de saúde.,Saúde
Parcerias  com  universidades  e  centros  de  pesquisa  para  aprimorar  o  atendimento médico.,Saúde
Promover cursos de aperfeiçoamento para os profissionais na área da saúde;,Saúde
Melhorar o Prontuário Eletrônico do Cidadão – PEC;,Saúde
Promover atendimento médico 24 horas incluindo aos sábados e domingos;,Saúde
"Viabilizar  equipes  multiprofissionais  semanalmente  nas  localidades  –  Aliança  do Gurguéia, Agrovila, Estreito, Olho d ́agua do mato, Lagoa Cercada, Solta;",Saúde
Ampliar atendimentos odontológicos na sede e zonas rurais do Município;,Saúde
Aquisição de ambulância para as localidade Lagoa Cercada e Aliança do Gurguéia;,Saúde
Revitalizar as atividades voltadas para os Idosos com hidroginástica e atividades físicas com orientação terapêuticas na Sede e Zona Rural;,Saúde
Viabilizar  aquisição  de  uma  máquina  de  Raio-X  para  o  UBS  –    (Unidade  básica  de Saúde); 4,Saúde
Aquisição de casa de apoio e equipe de acompanhamento em tratamento de Saúde em Teresina – PI;,Saúde
Viabilizar farmacêutico(a) para a Farmácia Básica;,Saúde
Implantar Saúde Digital;,Saúde
Promover assistência eletiva nas especialidades em saúde,Saúde
Fornecer os principais medicamentos de urgência através da Farmácia Básica na Sede e Localidades Rurais;,Saúde
Aquisição veículos para atender as demandas da secretaria de saúde;,Saúde
Viabilizar a aquisição de motocicletas para os agentes de zoonose;,Saúde
Promover  Ações  envolvendo  toda  comunidade  objetivando  o  combate  a  gravidez precoce e o uso de álcool por adolescentes;,Saúde
Celebrar convênio com Estado/ União   para   implantação da rede de esgoto com estação de coleta e tratamento nas principais vias da cidade;,Saúde
Viabilizar a construção de sumidouros e fossa séptica;,Saúde
Revitalizar  o  laboratório  de  análise  clinicas  com  contratação  de  profissionais  para  o funcionamento do mesmo;,Saúde
Viabilizar Curso de aperfeiçoamento dos conselheiros municipais de Saúde,Saúde
"Promover a contratação de Profissionais de Saúde (psicólogos, farmacêuticos, nutricionistas, técnicos em enfermagem etc);",Saúde
Promover Plano de ação de direcionamento do lixo hospitalar e resíduos sólidos.,Saúde
Reestruturar a Rede de Assistência à Saúde;,Saúde
Assegurar o equilíbrio financeiro da Fundação Municipal de Saúde;,Saúde
Ampliar o Hospital de Urgência de Teresina (HUT);,Saúde
"Aperfeiçoar a Central de Regulação de Marcação de Consultas,",Saúde
Exames e Internações;,Saúde
"Fortalecer  a  estratégia  do  Programa  Saúde  da  Família  na  prevenção, promoção e assistência à saúde;",Saúde
Ampliar as ações para redução da mortalidade materna e infantil;,Saúde
Aperfeiçoar os serviços de assistência à saúde mental;,Saúde
"Tornar Teresina cidade modelo no combate à catarata, câncer do colo do útero e câncer de mama;",Saúde
Retomar o projeto de inseminação artificial;,Saúde
Ampliar  e  descentralizar  as  ações  de  atendimento  de  crianças e adolescentes da rede municipal de ensino com dificuldades de aprendizagem;,Saúde
"Fortalecer a Central de Laudos, reorganizar o fluxo de pacientes e ampliar a oferta dos exames por imagem;",Saúde
Ampliar a oferta de serviços odontológicos básicos e especializados nas Unidades Básicas de Saúde;,Saúde
Revitalizar  e  fortalecer  as  atribuições  da  Vigilância  Sanitária  e do Centro de Zoonoses;,Saúde
Valorizar a participação do Controle Social.,Saúde
"A policlínica terá todos os exames mais complexo que existem, como exames de imagens, endoscopia e outros mais complexo;",Saúde
"Vamos fazer mais 4 unidades de pronto atendimento (UPA), na cidade, com todos os profissionais e às especialidades da medicina, Vamos Fazer duas UPA na zona rural; Nossa saúde em grande evolução.",Saúde
"Vamos ampliar o médico da família, para atender em casa quem esteja em situação vulnerável.",Saúde
Vamos treinar os agentes de saúde para fazer testes de detectar doença na residência e conversar com aquela pessoa a procurar tratamento imediato.,Saúde
Fortalecimento do programa mais médicos;,Saúde
Incluir mais médicos especialistas no atendimento;,Saúde
Buscar profissionais médicos para residir no município para que possam prestar um atendimento mais rápido;,Saúde
Ampliação do atendimento médico para outros povoados;,Saúde
"Os povoados serão amplamente beneficiados com o atendimento da equipe de saúde, visando facilitar os diagnósticos e o acompanhamento dos problemas de saúde da população;",Saúde
"Atenção especial aos munícipes com condições especiais e enfermidades que limitam a locomoção, serão atendidos em suas residências, com periodicidade e dignidade.",Saúde
"Cumprimento integral das normas e programas do SUS, em atendimento aos cidadãos que utilizam os serviços públicos de saúde do município;",Saúde
"Criar o programa SOS saúde, onde será disponibilizado um número de telefone e whatsapp com pessoas sempre de plantão para autorizar imediatamente a saída do carro para socorro;",Saúde
"Promover dias dedicados à saúde dos trabalhadores rurais, com visitas das equipes de saúde—incluindo médicos, enfermeiros, psicólogos e dentistas—às comunidades. Essas ações visam alcançar aqueles que, muitas vezes, se sentem intimidados para buscar atendimento médico, garantindo que todos tenham acesso aos cuidados necessários.",Saúde
Manter programas de qualidade no atendimento aos pacientes do Município.,Saúde
"Manter  e  melhorar/ampliar  o  fornecimento  de  consultas,  medicamentos, exames e transporte para os pacientes.",Saúde
"Manter e Ampliar ações do programa NASF, composto por psicólogos, fisioterapeutas, fonoaudiólogos, nutricionista, educador físico, dentistas, entre outros.",Saúde
Manter sistema de atendimento de médicos especialistas,Saúde
Melhorar e ampliar a frota de veículos e ambulâncias.,Saúde
"Ampliar o atendimento nas Unidades de Saúde, com horários ampliados dos profissionais da saúde, e com maiores especialidades.",Saúde
Monitorar e avaliar sistematicamente os indicadores do Sistema de Saúde.,Saúde
Ampliar os serviços e equipes da vigilância sanitária.,Saúde
"Ampliar a cobertura do Programa de Agente Comunitário de Saúde, Estratégia de Saúde da Família.",Saúde
Adquirir  unidade  móvel  adaptada  para  ampliação  do  atendimento  de  saúde na área rural.,Saúde
Ampliar os CAPS (Centro de Atenção Psicossocial de Álcool e outras Drogas) e implantar o atendimento 24 horas.,Saúde
"Construção  de  um  Centro  de  Referência  ao  Idoso  –  Oferecer  atendimento especializado, referenciado pelas unidades de saúde.",Saúde
Estruturar  e  organizar  o  funcionamento  do  CEO  (Centro  de  Especialidade Odontológica).,Saúde
"Reorganizar as Unidades Básicas de Saúde, CAPS, e NASF.",Saúde
"Construções de novas Unidades Básicas de Saúde, CAPS, e NASF.",Saúde
Construção da sede própria da Secretaria Municipal de Saúde,Saúde
"Construção de mais duas unidades de saúde, além de reformas das existentes",Saúde
Construção/ampliação  da  unidade  de  saúde  na  Marrecas  com  consultório odontológico,Saúde
Ampliação do atendimento médico especializado,Saúde
Implantar Saúde Digital - Telemedicina em todas as unidades de saúde,Saúde
Renovação da frota do SAMU,Saúde
Aquisição de novas ambulâncias básicas,Saúde
Ampliação  de  serviços  no  Centro  Especializado  em  Saúde  da  Mulher  e  da  Criança,Saúde
Aquisição  de  microônibus  para  transporte  de  paciente  a  Teresina  para tratamento fora do domicílio,Saúde
Renovação dos carros das Equipes de Saúde da Família da zona rural,Saúde
Aquisição de carro próprio para Vigilância Ambiental e para o transporte da equipe para as visitas domiciliares,Saúde
Construção da sede própria do CAPS,Saúde
"Viabilizar, em termo de cooperação com o Estado, a transferência da Maternidade para Hospital Estadual Teresinha Nunes de Barros",Saúde
Implementação da insalubridade dos profissionais da saúde  •Capacitação  continuada  para  os  profissionais  de  saúde  garantir  qualidade  nos atendimentos,Saúde
Ampliação do atendimento psicológico para os postos de saúde,Saúde
"Utilizar  os  espaços  públicos  nos  bairros  para  realizar  atividade  física  com  pacientes idosos, obesos, com doenças crônicas entre outros",Saúde
Promover  campanhas  de  saúde  de  promoção  e  prevenção  nas  escolas  e  demais espaços públicos,Saúde
Melhorar a infraestrutura de saúde;,Saúde
Capacitação para os profissionais de saúde;,Saúde
"Reorganizar  a  Unidade  Básica  de  Saúde,  estruturando-a  com  infraestrutura humana, material, equipamentos e insumos, capazes de estabelecer a garantia de um funcionamento eficaz;",Saúde
"Melhoria, manutenção e ampliação do ESF - Estratégias de Saúde da Família;",Saúde
"Instituir o programa “Academia da Saúde” – promovendo assim, atividades de saúde e bem-estar da população;",Saúde
"Implementar  ações  em  saúde  voltadas  para  a  mulher,  gestante,  criança  e  adolescente, bem como ações voltadas à saúde do homem;",Saúde
Aquisição de uma ambulância equipada para situações de emergência;,Saúde
"Adquirir  um  transporte,  com  condutores  exclusivos,  para  as  viagens  à  capital  do  Estado  contemplando  as  diversas  demandas  da  Secretaria  Municipal  de  Saúde;",Saúde
"Desenvolver  trabalho  contínuo  para  combate  à  Dengue,  Chikungunia  e  a  Zika  no município;",Saúde
"Distribuição gratuita de medicamentos para doenças como pressão alta, diabetes, colesterol e outros;",Saúde
"Assegurar  a  melhoria  do  atendimento  e  a  humanização  na  rede  de  saúde pública, garantindo uma conduta de atenção e cuidado que atenda efetivamente à expectativa da população.",Saúde
"Aumento da frota de ambulâncias, visando facilitar o deslocamento dos enfermos residentes",Saúde
na sede e nos povoados;,Saúde
Ampliar o financiamento com recursos federais para ações da Atenção Primária à Saúde;,Saúde
Garantia e melhoria do acesso aos serviços das redes públicas de sáude;,Saúde
Ampliaçao e contrataçao dos serviços especializados de atendimento médico hospitalar;,Saúde
"Continuidade do projeto melhoria das UBS,  para promover melhorias da estrutura física, dos equipamentos  e  dos  serviços,  garantindo  atendimento  preventivo  de  saúde  a  toda  população que precisa;",Saúde
Programa  de  capacitação  continua  para  profissionais  atuantes  na  saúde  visando  à  prevenção de doenças sexualmente transmissíveis e cânceres comuns;,Saúde
Capacitação na atuação dos agentes de saúde e agentes de endemias;,Saúde
"Distribuição gratuita de medicamentos para doenças como pressão alta, diabetes, colesterol e outros;",Saúde
Recuperação da estrutura dos equipamentos de saúde dos postos de saúde;,Saúde
"Promoção de campanhas itinerantes, em todos os povoados, voltadas a exames oftalmológicos, diabéticos, ginecológicos e urológicos;",Saúde
Criação do PADI (Programa de Atendimento Domiciliar ao Idoso);,Saúde
Melhorar a distribuiçao gratuita de medicamentos em parcceria com Governo Federal e Estadual;,Saúde
Ampliar o atendimento de especialidades no Centro de Saúde;,Saúde
Manter os programas e projetos em funcionamento atualmente;,Saúde
Adquirir um Ultrassom para o Centro de Saúde;,Saúde
Pleitear junto as demais esferas de governo a ampliação das parcerias na busca de mais recursos para o Município;,Saúde
"Promover capacitações dos servidores e profissionais da saúde a fim de garantir a melhoria e a humanização do atendimento na rede de saúde pública, assegurando uma  postura  de  atenção  e  cuidado  que  responda  afetivamente  à  expectativa  da população;",Saúde
Aquisição de veículos de apoio.,Saúde
"Aparelhar  o  Conselho  Municipal  de  Saúde,  fortalecendo  e  democratizando  o",Saúde
controle social no território de saúde do Município;,Saúde
"Implantar Redes de Assistência à Saúde (saúde mental, psicossocial, do idoso, urgência/emergência  atendimento  a  pacientes  portadores  de  necessidades especiais) com adoção de linhas de cuidado e protocolos de atendimento;",Saúde
Implantar  sistema  de  remuneração  salarial  dos  servidores  da  saúde  baseado na Gestão por Resultados por meio de indicadores em Saúde;,Saúde
"Implantar  o  Núcleo  de  Formação  em  Serviços  de  Saúde  para  servidores  da Secretaria de Saúde, por meio da formalização de convênios com  a União e o Estado;",Saúde
Ampliar equipes de atendimento do PSF (Programa de Saúde da Família);,Saúde
Implantar e/ou Ampliar a Linha Saúde na área rural do Município;,Saúde
Renovar a frota de ambulâncias de Transportes Eletivos;,Saúde
Viabilizar os mutirões para procedimentos cirúrgicos eletivos e ambulatoriais;,Saúde
"Integrar todos os sistemas informatizados nas unidades, serviços e setores;",Saúde
"Implantar a coleta de dados informatizada dos Agentes Comunitários de Saúde e Agentes de Endemias, por meio de computadores portáteis (Palmtop);",Saúde
"Implantar  sistema  de  comunicação  via SMS  (mensagem  de  celular)  com pacientes  (para  agendamento  de  consultas,  resultados  de  exames  e  outros serviços) combatendo, assim, a demora em longas filas;",Saúde
"Estruturar o setor de Engenharia Clínica com sistema informatizado, compreendendo  o  gerenciamento  do acervo  patrimonial  com  planejamento  da manutenção preventiva e corretiva de todos os equipamentos;",Saúde
"Construir, reformar e ampliar Unidades Básicas de Saúde do Município",Saúde
"Elaborar  projeto  e  destinar  área  para  implantação  do  Hospital  Municipal,  em conjunto com Estado e União;",Saúde
Criar e/ou Fortalecer o Conselho Municipal de Políticas Públicas para Combate as Drogas;,Saúde
Criar o Cetrad (Centro de Tratamento de Dependentes de Álcool e Drogas).,Saúde
"Iniciar  o  atendimento  a  dependentes  químicos,  principalmente  por  meio  do Cetrad (Centro de Tratamento de Dependentes de Álcool e Drogas).",Saúde
AQUISIÇÃO  DE  NOVOS  EQUIPAMENTOS  E  APARELHOS  PARA CONSULTÓRIO ODONTOLÓGICO DA UBS - UNIDADE BÁSICA DE SAÚDE DE SÃO FÉLIX DO PIAUÍ.,Saúde
"IMPLANTAÇÃO  DO  SAMU  -  SERVIÇO  DE  ATENDIMENTO  MÓVEL  DE URGÊNCIA, NO MUNICÍPIO.",Saúde
IMPLANTAR NOVA ESF – EQUIPE DE SAÚDE DA FAMÍLIA.,Saúde
"OFERTAR  MÉDICOS  ESPECIALISTAS  DENTRO  DO  PRÓPRIO MUNICÍPIO,  COMO  POR  EXEMPLO,  PSIQUIATRA,  PEDIATRA,ORTOPEDISTA, GINECOLOGISTA E CIRURGIÃO GERAL.",Saúde
IMPLANTAR  UM  CENTRO  DE  TERAPIA  PARA  PESSOAS  COMTRANSTORNO DO ESPECTRO AUTISTA.,Saúde
"REALIZAR  EXAMES  DE  IMAGEM  NA  UNIDADE  MISTA  DE  SAÚDE ANTÔNIO BATISTA, COMO POR EXEMPLO, RAIO-X E ULTRASSOM.",Saúde
"Valorizar  todos  os  profissionais  que  atuam  na  saúde,  independentemente  de  sua categoria profissional, será um dos pilares dessa transformação.",Saúde
"Reorganizar, ampliar e fortalecer o programa Estratégia Saúde da Família - ESF, no interior e na sede do município.",Saúde
"Ampliação do programa NASF, composto por médica ginecologista, fonoaudiólogo, nutricionista, educador físico e fisioterapeuta.",Saúde
Reorganizar e ampliar o programa de saúde bucal;,Saúde
"Desenvolver  e  melhorar  programas  de  atenção  ao  idoso;  saúde  da  mulher,  saúde da criança e adolescente;",Saúde
Efetivar  a  disponibilidade  de  médicos  e  enfermeiros  plantonistas  para  atendimento hospitalar;,Saúde
"Compra de novas ambulâncias, mais modernas e preparadas para atender casos de emergência no local e durante encaminhamento ao hospital",Saúde
Aquisição de veículo para deslocamento da equipe de saúde para a zona rural,Saúde
"Intensificar as campanhas de vacinação de crianças e idosos, melhorando a qualidade de vida da população;",Saúde
"Construção e implantação de 01 laboratório para realização de exames básicos no município, para que a população possa ser atendida gratuitamente",Saúde
Construção  de  uma  Maternidade.  Onde  todas  as  mulheres  Paulistanense  possam ter o direito que seu filho tenha o nascimento em Paulistana.,Saúde
Construção e ampliação de novas Unidades Básicas de Saúde,Saúde
"Assegurar a cobertura de todos medicamentos preconizados pelo ministério da saúde, e distribuídos gratuitamente pela farmácia básica, com a entrega em domicilio aos usuários hipertensos e diabéticos",Saúde
"Capacitação dos profissionais e agentes de saúde, para melhor atendimento da população e humanização da função",Saúde
"Assegurar aos cidadãos o acesso às informações e a participação na formação, implementação e avaliação das políticas de saúde;",Saúde
Ampliar os serviços e equipe da vigilância sanitária;,Saúde
Melhorar a qualidade do atendimento dos Agentes de Endemias e Agentes Comunitário de Saúde;,Saúde
"Manutenção e ampliação dos serviços de distribuição de medicamentos, através da Farmácia Básica;",Saúde
"Implantação do Projeto Caravana da Saúde, para atendimento as localidades;",Saúde
"Capacitar os profissionais, melhorando a qualidade do serviço de saúde.",Saúde
"Melhorar as condições de trabalho para os profissionais de saúde (transportes, infraestrutura, salário e etc.)",Saúde
"Finalização da obra da Unidade Básica Avançada de Saúde – UBAS, garantindo as-sistência 24 horas.",Saúde
Ativação e reorganizar do Serviço de Atendimento Móvel de Urgência – SAMU;,Saúde
"Promoção de campanhas educativas institucionais na área da segurança pública (segurança no trânsito, combate ao uso das drogas, entre outros) promovendo e incentivando ações estratégicas de prevenção às violências",Segurança
Planejamento de ações conjuntas com a Vara da Infância e Juventude;,Segurança
"Promover a cooperação e a articulação entre os órgãos federais, estaduais e municipais  com  vistas  ao  alcance  das metas  estabelecidas  e os objetivos da",Segurança
Política Nacional de Segurança Pública e Defesa Social;,Segurança
"Implementar  políticas  de  segurança  pública,  prevenção  e  enfrentamento  à criminalidade, de maneira integrada com os entes federativos e estaduais, na forma estabelecida no Plano Nacional de Segurança Pública e Defesa Social 2021-2030.",Segurança
"Criar Sistema Integrado com câmeras de segurança para videomonitoramento no perímetro urbano, com sala de controle operacional, que permite o acompanhamento  em  tempo  real,  todos  os  dias,  durante  24h,  nos  principais pontos da cidade, qualificando os processos de investigação e inteligência;",Segurança
Ampliação das ações de prevenção criminal por meio de videomonitoramento.,Segurança
Sistema de monitoramento através de câmeras em pontos estratégico na zona urbana;,Segurança
Atuar de forma integrada com o Conselho Tutelar;,Segurança
Aumentar o efetivo policial para sede do município;,Segurança
Implantação de Guarda Municipal;,Segurança
Buscar  recursos  junto  ao  Governo  Estadual  para  a  compra  de  veículos para a segurança.,Segurança
Buscar a ampliação do número de policiais no GPM de Itainópolis junto ao governo do Estado.,Segurança
"Atuar preventivamente no combate ao tráfico de drogas, fortalecendo a presença da GPM;",Segurança
"Atuar especialmente na região das escolas, para maior proteção de nossas crianças e adolescentes, dentro e fora do recinto;",Segurança
"Atuar na proteção e guarda de nosso patrimônio histórico, próprios municipais e recursos naturais;",Segurança
Enfrentar  a  criminalidade  e  a  violência  endêmica  em  parceria  com  o  Governo  de,Segurança
"Estado, gerando sensação de segurança e tranquilidade;",Segurança
Proporcionar ações imediatas de segurança ao cidadão;,Segurança
Implantar  uma  política  de  segurança  pública  integrada  e  articulada  com  as  demais políticas públicas;,Segurança
Proteger o patrimônio público;,Segurança
"Definir  um  programa  de  parceria  com  o  estado  para  compartilhar  responsabilidades com a segurança pública, promoção da justiça e a proteção do cidadão, dentro de suas respectivas áreas de atuação;",Segurança
Melhoria da iluminação pública com prioridade para a recuperação de todo sistema de iluminação no municÍpio e retomada de equipe de servidores para a realização desses serviços em caráter emergencial;,Segurança
"Criação da Guarda Municipal (com efetivo inicial, de homens e mulheres), cuja função deverá ser, prioritariamente, a guarda de Patrimônios Municipais, segurança de escolas, etc.;",Segurança
Solicitar o aumento do contingente da Polícia Militar;,Segurança
Implementação de iluminação em Led em todo município.,Segurança
Implantação  de  uma  central  de  monitoramento  com  câmeras  no  centro  e entradas da cidade.,Segurança
"Manter as politicas voltadas ao combate a violência urbana, articuladas com os setores organizados da sociedade e com as policias militar e civil.",Segurança
"Apoio a Policia Militar no combate à violência, roubos e furtos;",Segurança
Criação de um programa de incentivo ao jovem dependente químico e atuar com rigor visando o cumprimento do Estatuto da Criança e do Adolescente na proibição de drogas em parceria com o governo Federal e Estadual.,Segurança
Aquisiçao de novas viaturas para atender os serviços da Guarda Municipal;,Segurança
"Buscar a formalizaçao de convenios com a SENASP e a Secretaria Estadual de Segurança para obtençao de equipamentos de uso pessoal e coletivo, tais como: coletes, algemas, spray de pimenta, EPIs, armas na o letais (Taser);",Segurança
Ampliar o sistema municipal de videomonitoramento ja  existentes com instalaçao de mais cameras nas repartiçoes do município e vias publicas;,Segurança
Instalar cameras nas principais saídas do município;,Segurança
Aquisiçao de novos equipamentos para a Guarda Municipal e Agentes de Transito;,Segurança
Capacitaçao continuada com cursos e treinamentos;,Segurança
"Reestruturar a Patrulha Escolar, articulando Guarda Civil Municipal e escolas;",Segurança
"Concurso publico, para o aumento efetivo da Guarda Civil Municipal;",Segurança
"Plano de Cargos, Carreira e Sala rios – PCCS da Guarda Municipal e Agentes de Transito;",Segurança
Continuidade do Projeto Guarda Mirim;,Segurança
Elaboraçao do Pano Municipal de Segurança Publica;,Segurança
Criar o Estacionamento Rotativo na a rea do centro comercial da cidade e a rea adjacente;,Segurança
Promover a central de monitoramento remoto para maior rapidez e eficacia das açoes atraves de alta,Segurança
"tecnologia: camaras, drones, radios comunicadores, mapas estrate gicos de posicionamento de patrulhas",Segurança
em todo o territorio;,Segurança
"Ampliar o sistema municipal de vídeo monitoramento, integrando sistemas ja  existentes pu blicos e",Segurança
"privados, ampliando para as areas definidas em comum acordo com os conselhos de segurança municipal",Segurança
priorizando os pontos de maior insegurança nos bairros;,Segurança
Instituir o Projeto Luzilandia Segura;,Segurança
"Treinamento, aperfeiçoamento e padronizaçao das aço es da Guarda Civil de Luzilandia, a fim de auxiliar a",Segurança
Polícia Militar do Piauí  ao combate a  criminalidade na cidade de Luzila ndia;,Segurança
"Implantaça o do Projeto Guarda Armada, apos uma minuciosa preparaçao e seleça o por meio de Teste",Segurança
"Psicologico em açao conjunta com a Policia Militar do Piauí , Polícia Federal e demais Forças de Segurança.",Segurança
Criação do centro de monitoramento com implantação de câmeras nas principais ruas e avenidas da cidade;,Segurança
Ampliar os serviços de segurança com rondas na zona urbana e rural do município;,Segurança
Criar o plano municipal de segurança pública;,Segurança
Realizar monitoramento e manutenção de Infraestruturas Públicas;,Segurança
"Implementar programa de monitoramento contínuo das infraestruturas públicas,  utilizando  tecnologias  de  vigilância  e  inspeções  regulares  para  prevenir vandalismos e danos;",Segurança
Criar Plano de Segurança para Patrimônio Histórico e Cultural:,Segurança
"Desenvolver plano de segurança específico para proteger o patrimônio histórico e cultural do município, incluindo treinamento da Guarda Municipal em técnicas de preservação  e resposta rápida a incidentes;",Segurança
Promover Integração do Trânsito à Secretaria de Segurança Pública:,Segurança
"Transformar  a  Secretaria  Municipal  de  Segurança  Pública  em  “Secretaria Municipal  de  Segurança  Pública  e  Mobilidade”,  integrando  as  funções  de trânsito, visando melhorar a mobilidade urbana e reduzir acidentes;",Segurança
Potencializar campanhas educativas no Trânsito visando melhorar a mobilidade urbana e reduzir acidentes;,Segurança
"Investir  na  compra  de  EPIs  modernos  para  toda  a  corporação  da  guarda municipal, garantindo a segurança  durante as operações;",Segurança
Ampliar Sistema de Vídeo e Monitoramento;,Segurança
Implementar um programa de policiamento comunitário;,Segurança
Estabelecer  um  Centro  Integrado  de  Comando  e  Controle  -  CICC  para coordenar as ações de segurança;,Segurança
"Desenvolver  projetos  sociais  em  áreas  de  alta  vulnerabilidade,  oferecendo atividades  culturais,  esportivas  e  educativas  para  jovens,  visando  afastá-los  da criminalidade;",Segurança
"Apoiar as ações de fiscalização e combate a crimes ambientais, promovendo a proteção das áreas verdes e de preservação do município;",Segurança
"Implementar operações especificas contra o tráfico de drogas, com patrulhamento  intensivo  em  áreas  de  risco  em  parceria  com  forças  estaduais  e federais para desarticular redes criminosas;",Segurança
"Desenvolver  programa  abrangente  de  prevenção  à  criminalidade,  incluindo ações educativas para jovens;",Segurança
"Promover  cursos  de  capacitação    e  aperfeiçoamento  sobre  técnicas  de atendimento  aos  diferentes  locais  de  crime,  tendo  como  destaque  locais  públicos  e repartições públicas;",Segurança
Dar subsídio à Polícia Militar de acordo com a demanda;,Segurança
"Revitalizar  convênio  com  o  Pronasci  (Programa  Nacional  de  Segurança  Pública), do  Ministério  da  Justiça  e  Segurança  Pública,  visando  implantar  projetos  que articulem políticas de segurança a ações sociais preventivas e direcionadas prioritariamente às causas da violência;",Segurança
"Criar projetos em parcerias com a Polícia Militar, Polícia Civil, Ministério Público, Conselho Tutelar, Assistência Social, Saúde, Educação, etc., visando o cumprimento  do  Estatuto  da  Criança  e  Adolescente  na  proibição  de  venda  de bebidas alcoólicas, armas e outros produtos para menores de 18 anos;",Segurança
"Criar  o  programa  Vizinhança  Solidária,  com  o  objetivo  de  prevenir  os  atos  de desrespeito à convivência, procurando agir coletivamente nas comunidades.",Segurança
"Criação de rede de apoio para os dependentes químicos, em parceria com estados e entidades do Terceiro Setor, como instrumento de auxílio para  as  famílias  que  hoje  não  têm  informações  sobre  onde  nem  como obter ajuda. Essa rede viabilizará a execução de um programa de oferta de  local  de  tratamento  de  dependentes  de  drogas,  com  serviços  de referência aos usuários.",Segurança
"Instituição  de  política  de  incentivo  e  apoio  para  oferta  de  atenção psicossocial  aos  usuários  de  álcool  e  drogas,  permitindo  ações  de promoção e prevenção, de assistência, e de inserção social para dependentes químicos e seus familiares.",Segurança
"Desenvolvimento  de  um  programa  municipal  de  prevenção  ao  uso abusivo  de  álcool  e  outras  drogas,  em  parceria  com  estados,  união  e entidades do Terceiro Setor, priorizando os jovens, com ações nas áreas de cultura, lazer e esportes.",Segurança
"Identificação  dos  pontos  mais  vulneráveis  de  uso  de  drogas  no Município,  garantindo  apoio  para  transformar  esses  pontos  em  áreas livres de drogas.",Segurança
Apoio  a  projetos  de  educação  e  formação  profissional  em  tempo integral nas áreas de maior vulnerabilidade em relação à segurança.,Segurança
Apoio total a Polícia Militar através de parceria entre estado e município.,Segurança
"Implantação, em parceria com Estados de programas de prevenção a acidentes de trânsito.",Segurança
"Garantir  a  permanência  da  Segurança  Pública  para  todos  os  cidadãos  e  cidadãs  s,  e igualmente  a  todos  os  que  adentrarem  no  Município  de  São  Julião  e  em  suas  respectivas Adjacências;",Segurança
Zelar pela permanência da Ordem Social em todos os Segmentos Públicos e Privados;,Segurança
"Manter  comunicação  constante  com  os  profissionais  que  atuam  na  Segurança  Pública, garantindo, através destes, a permanência da Ronda Policial e todo trabalho de Segurança para manter a paz social;",Segurança
Firmar parceria com órgãos do governo estadual para a seleção de agentes para formação de uma brigada ambiental.,Segurança
"Definir  como  responsabilidade  do  estado  a  segurança  e  manutenção  da ordem pública nos espaços, prédios e dos eventos que demandam à participação coletiva e condições de segurança.",Segurança
Traçar  parcerias  entre  a  brigada  ambiental  e  força  policial  estadual  para rondas ostensivas em locais  considerados críticos e/ou vulneráveis.,Segurança
"Garantir iluminação pública de qualidade em toda a cidade, para melhor atuação da polícia militar e mais conforto e segurança aos moradores;",Segurança
"Manutenção e ampliação de câmeras em torres de observação nas principais vias de acesso, que enviarão imagens de toda cidade em tempo real para uma central da Guarda Municipal;",Segurança
"Parceria com o Governo do Estado para controle e segurança no trânsito, por meio efetivo do uso de equipamentos de segurança;",Segurança
Aprimorar a interlocução junto aos órgãos de segurança pública com o intuito de promover a valoreização do Policial e dos demais agentes de segurança pública;,Segurança
Criar no calendário municipal o dia da homenagem ao agente de segurança pública que mais tiver se destacado no ano em nosso município;,Segurança
Incentivar a aproximação entre as comunidades e as políticas públicas de combate a violência e ao crime organizado.,Segurança
Implementar  a  Guarda  Municipal  para  serem  agentes  de  efetivação  dos direitos de cidadania e para protegerem o patrimônio público;,Segurança
Incentivar  o  fortalecimento  dos  laços  comunitários  e  de  vizinhança  para aumentar as redes informais de proteção social;,Segurança
"Fortalecer a Guarda Municipal e Defesa Civil os instrumentos principais da segurança  cidadã,  em  parceria  permanente  com  a  segurança  pública  do Estado do Piauí;",Segurança
"Fortalecer  as  políticas  públicas  de  prevenção  de  combate  ao  uso  de drogas  e  álcool  ,  furtos,  roubos,  focadas  no  indivíduo,  na  família,  na  escola  e na comunidade;",Segurança
Instituir  um  programa  compartilhado  entre  governo  e  sociedade  para manutenção do espaço e da ordem pública;,Segurança
"Instalação  de  câmeras  em  torres  de  observação  nas  principais  vias  de acesso, e prédios públicos que enviarão imagens de toda cidade em tempo real para uma central da Guarda Municipal",Segurança
"Criar através do projeto de lei da estrutura administrativa do município, o departamento de segurança municipal;",Segurança
Buscar parceria junto aos empresários e comerciantes locais para garantir a melhoria da segurança nos estabelecimentos comerciais;,Segurança
Construir predio do GPM e casa de apio para os policiais quando em trabalho no municipio;,Segurança
Assegurar a lotação e permanência do efetivo policial no município através de projeto de lei autorizando convênio com a SSPPI;,Segurança
"Viabilizar  melhorias  nas  condições  de  funcionamento  das  escolas,  por  meio  de equipamentos, tecnologias avançadas e recursos pedagógicos;",Educação
"Fortalecer o programa de alfabetização na idade certa para reduzir a distorção idade-série, em parceria com o Estado;",Educação
Viabilizar facilidade para aquisição do auxílio financeiro para estudantes que trabalham e para aqueles em situação de vulnerabilidade;,Educação
Promover cursos de capacitação e aperfeiçoamento para os professores em educação especial;,Educação
Viabilizar e garantir uma melhor quantidade da merenda escolar;,Educação
Valorização da classe dos professores no cumprimento e no fortalecimento do Plano de Carreira dos Servidores em Educação;,Educação
"Revitalizar, Equipar, modernizar, informatizar e climatizar a Biblioteca Municipal;",Educação
Revitalizar os laboratórios de informática com internet em todas as escolas municipais para utilização dos alunos;,Educação
Promover a climatizar de todas as salas de aulas nas escolas municipais;,Educação
Promover a execução do Plano de Ação Articulada – PAR;,Educação
"Reformar, ampliar e equipar as escolas municipais;",Educação
"Viabilizar veículo para o transporte de professores, técnicos e servidores da secretaria municipal de educação;",Educação
Promover  a  Garantia  de  fardamento  para  todos  os  alunos  da  Creche  ao  Ensino fundamental da rede municipal;,Educação
"Viabilizar programa nas escolas voltado ao aprendizado para o ENEM esse programa seria em parceria com a SEDUC-PI, que ofertaria aulas online e cursos preparatórios para o ENEM, além de apoio por parte da prefeitura nos custeios dos alunos carentes que  tivessem  o  melhor  desempenho  até  o  primeiro  ano  do  ensino  médio,  de  forma aquele  aluno  ter  oportunidade  de  estudar  na  capital  durante  dois  anos,  o  segundo  e terceiro ano do ensino médio;",Educação
Implantar salas de reforços escolar para atender alunos com dificuldade na aprendizagem;,Educação
Viabilizar  formação  continuada  para  todos  os  professores  e  coordenadores  na  rede municipal de ensino;,Educação
Realizar concurso Público;,Educação
"Viabilizar  formação  e  aperfeiçoamento  para  motorista,  zeladores,  merendeiras  e serviços gerais;",Educação
Revitalizar as escolas TREZE DE MAIO,Educação
Promover Reforma da Escola ALIANÇA DO GURGUEIA em tele centros e viabilizar bibliotecas e laboratórios de informática para atender os Alunos Famílias da Comunidade;,Educação
"Repassar de forma exata ao INSS as contribuições dos servidores, a fim de evitar problemas e prejuízos no momento das aposentadorias.",Educação
"Garantir e manter a integralidade do calendário escolar, de acordo com a Lei de Diretrizes e Bases da Educação Nacional (LDB), e organizar currículos e projetos político-pedagógicos.",Educação
"Aumentar  o  investimento  na  educação  infantil  e  no  ensino  fundamental, visando à melhoria contínua da educação básica.",Educação
"Fortalecer a gestão democrática da educação, garantindo a articulação com a sociedade civil e fortalecendo o conselho municipal de educação e os conselhos  escolares,  com  base  em  critérios  estabelecidos  por  leis  e resoluções vigentes.",Educação
"Realizar levantamento e auditoria em escolas com contas irregulares, com o objetivo de restabelecer os recursos próprios das escolas.",Educação
Melhorar a estrutura das escolas rurais e urbanas.,Educação
Assegurar inclusão em todas as escolas municipais garantindo Atendimento,Educação
"Educacional Especializado (AEE), a todos que fazem parte da educação",Educação
especial.,Educação
Realizar  levantamento  (em  conjunto  com  as  famílias)  de  crianças  e adolescentes  com  dificuldades  de  aprendizagem  que  necessitam  de atendimento especializado.,Educação
Distribuir kits de material voltados para alunos do ciclo de alfabetização.,Educação
Distribuir kits de apoio pedagógico/material para professores da rede.,Educação
"Buscar convênios/parcerias para melhorar a qualidade do transporte escolar do município, planejando sua utilização de forma eficiente de acordo com as necessidades dos estudantes e dos professores .",Educação
Implantar o programa de “primeiro lanche” na educação infantil.,Educação
"Garantir o fornecimento e a qualidade da merenda escolar, incorporando produtos da agricultura local em toda a rede municipal, além de capacitar os profissionais para o manuseio e preparo alimentar nas escolas, estimulando o pequeno empreendedorismo na zona rural de Manoel Emídio.",Educação
Estimular a prática de atividades esportivas nas escolas da rede.,Educação
Melhorar os equipamentos tecnológicos das escolas.,Educação
Promover formação continuada em áreas específicas para professores e gestores escolares.,Educação
Investir em capacitação para outros profissionais da educação.,Educação
"Integrar escolas maiores em turno integral, ou expandir a carga horária dos alunos, com uma forte articulação com as áreas de esporte, ciência e cultura.",Educação
"Promover reforço escolar para alunos com dificuldades de aprendizagem, focando especialmente em leitura e escrita.",Educação
Zelar pela manutenção e fortalecimento dos programas educacionais.,Educação
"Garantir  atendimento  educacional  a  população  com  15  anos  ou  mais, reduzindo a taxa de analfabetismo funcional.",Educação
Planejar  e  implementar  um  fundo  educacional  para  poupar/recursos financeiros  destinados  à  realização  de  eventos  e  para  situações emergenciais.,Educação
"Viabilizar a criação de um núcleo multiprofissional da educação, composto por  fonoaudiólogos,  psicólogos  e  psicopedagogos,  para  ampliar  o atendimento em todas as escolas da rede municipal.",Educação
Analisar  a  viabilidade  da  construção  de  uma  nova  creche  voltada  para atender crianças de 0 a 5 anos.,Educação
Capacitar profissionais para atender públicos inclusivos nas escolas.,Educação
Garantir a segurança dos alunos no transporte escolar.,Educação
Reformulação do plano de carreira dos profissionais da educação.,Educação
"Integrar na equipe da secretaria municipal de educação uma psicopedagoga, afim de compreender os processos de aprendizagem dentro das instalações de  ensino,  indo  em  busca  de  soluções  inovadoras  para  potencializar  o aprendizado das crianças.",Educação
"Programa de construção de creches em tempo integral, para atendimento às famílias cujas mães trabalham fora de casa;",Educação
"Implantar  o  Projeto  meta  de  atendimento  a  educação,valorizando  o  plano  de cargos, carreiras e salário;",Educação
Promoção  de  melhoria  e  estrutura  física  e  nos  equipamentos  de  escolas  e creches;,Educação
"Construir  uma  escola padrão  MEC/FNDE,  para  atendimento  de  educação  em tempo integral;",Educação
Fortalecer a política do fardamento escolar com a doação municipal;,Educação
Ampliar e fortalecer a educação inclusiva nas escolas e nas famílias;,Educação
Calendário  escolar  adequado  a  realidade  da  zona  rural  e  políticas  públicas voltadas  para a valorização do professor e o aluno da zona rural;,Educação
Criar os jogos escolares para incentivar as práticas esportivas na escola.,Educação
"Fortalecer parceria com governos Estadual, Federal e outras intiutições referente a preparação para o enem.",Educação
Criar projetos de incetivos aos alunos que cursarem cursos superiores em outras cidades.,Educação
Melhorar a qualidade da merenda escolar.,Educação
Reduzir as taxas de analfabetismo no municipio.,Educação
"Promover e valorizar o Magistério respeitando os direitos adquiridos pelos profissionais da educação, através do estatuto e plano de carreira;",Educação
Criar projeto de lei para equiparação automática do piso do magistério anual nacional ao piso salarial municipal;,Educação
"Constituir equipe técnica pedagógica que atue, primordialmente, nas escolas junto aos professores e coordenadores escolares;",Educação
Dar melhor transparência na utilização dos recursos públicos;,Educação
Construir novas escolas e creches em parceria com o governo federal;,Educação
Adquirir novos ônibus para melhorar o transporte escolar e melhorar o atendimento aos estudantes da rede municipal de ensino em parceira com o governo federal;,Educação
"Garantir de forma gratuita o transporte para os universitários e estudantes de cursos técnicos não oferecidos em Jardim do Mulato, através de projeto de lei;",Educação
"Ampliar em parceria com o governo do estado, para a implantação de cursos técnicos profissionalizantes de acordo as necessidades da população;",Educação
"Implantar  e/ou  ampliar  os  laboratórios  de  informática,  laboratórios  de  ciências  da natureza e as bibliotecas das escolas municipais;",Educação
"Instalar através de parcerias, biblioteca infantil e brinquedoteca na creche;",Educação
Implantar  nas  escolas  que  ofertem  do  6º  ao  9º  anos  laboratórios  de  ciências  para  o fomento das atividades práticas;,Educação
Planejar e monitorar com eficiência o transporte escolar na zona urbana e rural;,Educação
Fornecer uma merenda escolar de qualidade com garantias nutricionais;,Educação
Ampliar as salas de Atendimento a Educação Especial – AEE;,Educação
"Ampliar gradativamente a Escola de tempo integral, atendendo ao Plano Nacional de Educação, com ênfase nos conceitos de cidadania, democracia, sustentabilidade e responsabilidade social, com o apoio do governo federal;",Educação
Viabilizar junto ao Ministério da Educação a construção de escolas necessárias para a implementação do turno integral de ensino;,Educação
Alfabetizar pelo menos 90% dos alunos na idade certa;,Educação
"Ampliar e manter a disponibilidade de acesso a internet na escola, principalmente na administração e bibliotecas;",Educação
"Capacitar os gestores, professores, equipe pedagógica, merendeiras, vigias, auxiliaries de serviços  gerais  e  equipe  administrativa  da  rede  municipal  através  de  jornadas  pedagógicas, palestras e formações continuadas;",Educação
Desenvolver atividades recreativas pedagógicas;,Educação
Implantar  núcleo  de  atendimento  psicológico  para  a  disponibilização  de  psicólogos educacionais e clínicos que atenda a comunidade escolar;,Educação
"Elaborar  projeto  pedagógico  e  plano  de  ação  anual,  através  do  efetivo  calendário acadêmico de atividades, que atendam às necessidades reais da comunidade na qual as creches e as escolas de ensinos fundamentais estão localizadas;",Educação
Fortalecer o conselho municipal a educação e criar o fórum permanente de educação para promover o debate sobre ações na área que visem os índices educacionais do município;,Educação
Estimular jovens de baixa renda aptos ao nível superior a fazerem seu curso no ensino a distância pelo sistema UAB (Universidade Aberta Brasil) no pólo da Universidade Estadual do Piauí em Jardim do Mulato;,Educação
"Criar atividades culturais, literárias e esportivas nas escolas da rede municipal de ensino com  ampla  participação  da  comunidade,  sobretudo  os  pais  e  responsáveis  por  alunos, aproximando escola e comunidade;",Educação
"Promover atividade de incentivo a leitura, como oficinas, concursos de redação, saraus, recitais, debates, encontros entre estudantes e autores, dentre outros;",Educação
"Incentivar a realização de atividades práticas nas escolas, como dias de campo, visitas a instituições culturais e científicas, projetos de pesquisas e outros;",Educação
"Potencializar o papel das escolas nas campanhas educativas sobre temáticas de segurança, da cidadania, paz social, do meio ambiente, de saúde, de trânsito, dentre outras;",Educação
Utilizar salas de aulas e horários ociosos nas escolas municipais e em instituições para ofertar oficinas culturais e cursos profissionalizantes;,Educação
Climatizar  e  modernização  da  infraestrutura  física  das  escolas  da  rede  municipal  de ensino;,Educação
Criar lei dos estagiários da educação e das demais áreas;,Educação
Dar  maior  segurança  aos  envolvidos  no  processo  ensino-aprendizagem  através  da presença da Polícia Militar nas escolas da rede.,Educação
Promover a melhoria na estrutura física e nos equipamentos das escolas e creches;,Educação
"Ampliar o número de vagas para Educação Infantil, inclusive com a construçao de creches;",Educação
Realizar busca ativa por alunos na zona rural/nas comunidades /localidades;,Educação
"Revisar o Plano de Carreira do Magistério, criando um Plano de Carreira dos Profissionais da Educação;",Educação
Garantir transporte Escolar digno e eficiente aos estudantes que se deslocam da zona rural para a escola mais próxima de sua residência;,Educação
"Buscar recursos para viabilizar a estruturação de um centro de estudo e pesquisa no município, com biblioteca digital e internet de qualidade;",Educação
"Realizar cursos de formação continuada para os professores, buscando parcerias com instituições de ensino da região;",Educação
"Realizar cursos de pós graduação em Educação, semi-presencial,  buscando parcerias com institutos renomados de ensino através de orientações  do Mec-Ministério da Educação e Cultura.",Educação
Modernizar/dinamizar o fornecimento de internet para as escolas da sede e zona rural;,Educação
Criar condições para obter uma nota média no IDEB entre as escolas públicas municipais igual ou superior as médias projetadas para anos iniciais e anos finais do Ensino Fundamental;,Educação
"Garantia de transporte escolar digno e eficiente para alunos em toda a rede municipal de ensino, priorizando o transporte para os deficientes;",Educação
"Fortalecer e aumentar a Educação em tempo integral, ampliando o número de escolas com este fim e consequentemente a quantidade de alunos,",Educação
"Diminuir  o  déficit  de  vagas  nas  creches,  garantindo  a  população  seu direito  a educação infantil;",Educação
Ampliar o número de vagas para educação infantil;,Educação
"Potencializar as práticas educacionais através de metodologias que garantam evolução sustentável dos indicadores de desenvolvimento da educação básica (IDEB), buscando atingir as metas definidas pelo MEC e as do plano de metas de educação do município;",Educação
"Implantação  da  Fórum  de  Educação  que  tem  por  objetivo  organizar  e  integrar  os processos educacionais em Simões; lançando e analisando propostas, planejando, junto aos líderes escolares, projetos e planos de ação para o desenvolvimento educacional;",Educação
"Promoção  de  melhoria  na  estrutura  física  e  nos  equipamentos  das  escolas  e  creches investindo em reforma, manutenção e revitalização;",Educação
"Garantir a inclusão das crianças com deficiência e necessidades especiais, assegurando acessibilidade,  equipamentos  e  formação  para  os  profissionais  da  rede  municipal  de ensino para este fim;",Educação
Ampliar  o  atendimento  da  Educação  Especial  com  propostas  de  políticas  públicas inclusivas.,Educação
Desenvolver um programa de Assistência Psicopedagógica nas escolas municipais;,Educação
Criar programa de “Reforço Escolar” com objetivo de aprimoramento do aprendizado e erradicação ao analfabetismo;,Educação
Manter a oferta da Educação Infantil e do Ensino fundamental de 1°,Educação
ao 9° anos;,Educação
Manter a oferta do EJA;,Educação
Garantir a Educação Inclusiva para todos que necessitam;,Educação
Promover a valorização dos profissionais da Educação;,Educação
"Valorizar  a  qualidade  do  ensino-aprendizagem,  melhorando consequentemente os índices internos e externos;",Educação
Implantar o Ensino Integral;,Educação
"Promover  Formação  continuada  para  todos  os  profissionais  da Educação  (Diretores,  Coordenadores,  Professores,  Monitores, Auxiliares de Sala, Cuidadores de Alunos Atípicos, Zeladores, Vigias, motoristas e Manipuladores de Alimentos);",Educação
"Oferecer  apoio,  suporte  e  coordenação  geral  aos  Diretores  e Coordenadores das escolas;",Educação
Promover condições de trabalho a todos os profissionais da rede educacional;,Educação
Ampliar o quadro de profissionais da Educação Especial para atender a demanda existente;,Educação
Oferecer merenda de qualidade;,Educação
Utilizar as produções da agricultura familiar na merenda escolar;,Educação
Promover os Jogos Escolares;,Educação
Manter a oferta de transporte escolar apropriado;,Educação
Oferecer transporte escolar para os jovens que cursam o Ensino Superior em Paulistana;,Educação
Oferecer a Educação Infantil nas comunidades que tem o prédio público disponível e que tenha a quantidade mínima de alunos para abrir a turma;,Educação
Implantar o acompanhamento da Equipe Técnica da Secretaria de Educação às escolas;,Educação
Melhorar a estrutura física e mobiliária dos prédios escolares;,Educação
Disponibilizar  recursos  materiais  e  pedagógicos  para  o  bom funcionamento das unidades escolares;,Educação
Promover  e  apoiar  o  desenvolvimento  de  atividades  artísticos culturais nas escolas da rede;,Educação
Desenvolver ações integrando família e escola;,Educação
Desenvolver parcerias com os outros órgãos do município;,Educação
Promover o ensino da Educação Ambiental nas escolas;,Educação
Priorizar o respeito entre todos os membros do ambiente escolar para garantir um convívio harmônico nos espaços escolares da Rede.,Educação
Garantir o pagamento do 13º (de cimo terceiro) sala rio e abono fe rias na data de aniversa rio do(a) servidor(a);,Educação
Criar o Programa Alfabetiza Luzila ndia;,Educação
Continuar a climatizaça o das salas de aula do Ciclo de Alfabetizaça o;,Educação
"Ampliar e fortalecer o Centro Multiprofissional (psico logo, psicopedagogo, fonoaudio loga e assistente social);",Educação
Ampliar e expandir o Berço da Esperança;,Educação
Expandir o Ensino Integral nas escolas da Rede Municipal;,Educação
Implantar o Projeto Olho Vivo (1º o culos para crianças do ciclo de alfabetizaça o e EJA);,Educação
Implantar o Reforço Escolar no contra turno para alunos do Ensino Fundamental I;,Educação
Atualizar o plano de cargos e sala rios do magiste rio incluindo mestrado;,Educação
"Implantar o Projeto Psicologia Presente (alunos, pais e funciona rios);",Educação
Implantar o reforço para as Avaliaço es Externas;,Educação
"Premiar as escolas, professores e alunos destaques;",Educação
Garantir o apoio escolar para alunos PCDs;,Educação
Ampliar as salas de Atendimento Educacional Especializado (AEE);,Educação
Inserir Projetos de Sustentabilidade e Conscie ncia Ambiental;,Educação
Ofertar Formaça o para Professores sobre as Avaliaço es Externas;,Educação
"Dar continuidade ao Calenda rio Festivo (dia das ma es, dia dos pais, dia das crianças, festivais juninos escolares, olimpí adas estudantis, binga o da EJA, turismo natalino);",Educação
Conceder Bolsa Monitoria para alunos.,Educação
"Reformar, ampliar e equipar as escolas;",Educação
Climatizar as escolas;,Educação
Descentralização dos recursos financeiros para as escolas;,Educação
Concurso  Público  (Psicólogo  /  Pedagogo/  Psicopedagogo/  Professor  E  Demais profissionais Da Educação) de acordo com a necessidade;,Educação
Implantar equipe de assessoria pedagógica para a formação continuada dos Profissionais de Educação;,Educação
Implantação da educ. Inclusiva e acessibilidade nas escolas;,Educação
Implantar reforço escolar como componente curricular da grade;,Educação
"Ofertar um transporte escolar de qualidade, priorizando a segurança e o conforto do aluno;",Educação
"Implantar  equipes  de  coordenação  pedagógica  por  área,  para  dá  suporte  nas escolas;",Educação
"Melhoria  do  cardápio  da  merenda  escolar  com  inclusão  de  alimentos  regionais  e priorização de alimentos saudáveis, avaliação nutricional frequente para monitorar o estado nutricional dos alunos;",Educação
"Revogar  o  Plano  de  Cargos  e  Salários  Lei  757/  2022,  visando  a  valorização  dos Profissionais da Educação, retomando direitos que foram retirados, através de uma nova Lei;",Educação
Valorizar o profissional da Educação por meio de premiação vinculada aos índices do IDEB;,Educação
"Formação  continuada  para  os  professores  de  Língua  Portuguesa  e  matemática, como  matéria de apoio pedagógico.  Visando  a  melhoria do ensino e  elevação  do IDEB;",Educação
Reformar  a  grade  curricular  implantando  obrigatoriamente  o  uso  de  4  línguas. (L. Portuguesa / Espanhol / Libras / Inglês);,Educação
Fornecer EPIs aos auxiliares de serviços gerais;,Educação
Uniformizar o sistema de ensino;,Educação
Disponibilizar  uma  equipe  multifuncional  para  as  escolas  (Psicólogo  / Psicopedagogo / Fonoaudiólogo);,Educação
Investir em tecnologias da informação voltada para Educação;,Educação
Disponibilizar  profissionais  para  atendimento  individual  aos  alunos  com necessidades especiais;,Educação
Revitalizar e  implantar  bibliotecas  nas  escolas;  assim  como  projetos e  programas para biblioteca virtual e interativa e laboratório de informática;,Educação
Disponibilizar profissionais com formação na área para Educação Infantil;,Educação
Priorizar a Educação Ambiental dentro do currículo escolar desde a Educação Infantil aos anos finais do Ensino Fundamental;,Educação
Melhorar o programa de Jovens e Adultos (EJA);,Educação
"Implantar  o  curso  jovens  empreendedores  primeiros  passos  em  parceria  com  o SEBRAE,  visando  que  a  criança  de  maneira  lúdica  desenvolva  habilidades  e comportamentos empreendedores;",Educação
"Criar  a  SEMANA  DA  JUVENTUDE  para  apoiar  iniciativas  nas  linguagens,  teatral, musical, literária, coreográfica, plástica e das culturas populares e contemporânea;",Educação
Construir uma creche no Bairro Santa Clara;,Educação
Construção de um Colégio para o Povoado Tabuleiro Grande;,Educação
Ensino Fundamental maior para os Povoados que possuem acima de 50 alunos.,Educação
"Angariar recursos por meio de emendas ou contenção de gastos, para aquisição de veículos de uso exclusivo na área da saúde;",Saúde
Desenvolver ação para sanar as filas nas unidades de saúde;,Saúde
"Proporcionar melhorias no atendimento médicos com oferta de exames de ultrassom e raio-x, farmácia básica;",Saúde
"Implementar programas que atendam pessoas que apresentem dificuldades  temporárias  ou  definitivas  de  sair  de  sua  casa  para chegar  até  uma  unidade  de  saúde,  ou  ainda  para  pessoas  que necessitam de aten dimento domiciliar;",Saúde
"Implementar projetos e programas de saúde pública e prevenção, que atendam todo cidadão desde a gestação até a terceira idade;",Saúde
Pactuar programas condizentes com a realidade do nosso município;,Saúde
"Reativar o Programa Brasil sorridente, com equipe de saúde bucal e próteses dentárias;",Saúde
"Viabilizar convênios com atendimentos especializados, como: ginecologista, pediatra, neurologista, psiquiatra e urologista;",Saúde
Aquisição de ambulâncias tanto para a sede como também para as localidades de maior fluxo populacional do município;,Saúde
Pactuar parcerias oftalmológicas para minimizar gastos provenientes de custos anuais;,Saúde
Implantar centro de atendimento para crianças atípicas;,Saúde
"Implantar o programa “REMÉDIO EM CASA” para diabéticos e hipertensos cadastrados na rede municipal, e que tenham residência fixa no município;",Saúde
Construir de unidades básicas de saúde na Emparedada e Vila do Mel;,Saúde
Criar pontos de apoio de atendimento de saúde em mais duas localidades;,Saúde
Disponibilizar  profissional  capacitado  no  ato  de  deslocamento  de pacientes (não somente o motorista);,Saúde
"Manter a casa de apoio aos enfermos com carro, motorista, assistente doméstico  e  “auxiliar  gestor  em  saúde”  (GUIA),  tanto  para  Teresina, como também implantar o mesmo sistema em Picos;",Saúde
Implantar médico 24 horas em nosso Município.,Saúde
Priorizar ações de promoção e prevenção da saúde individual e coletiva;,Saúde
Ampliar o acesso aos serviços de saúde;,Saúde
"Reduzir os agravos à saúde da população, relativos à atenção básica;",Saúde
Melhorar a resolutividade dos serviços de saúde;,Saúde
Implantar ações específicas para o atendimento da mulher e da criança;,Saúde
Priorizar atendimentos e campanhas voltadas para a Saúde do Homem;,Saúde
"Implementar tecnologias para melhorar a assistência sanitária e fortalecer a vigilância sanitária, epidemiológica e ambiental;",Saúde
Articular ações de saúde com ações de melhoria das condições ambientais;,Saúde
"Colocar profissionais que promovam a qualidade de vida no PSF, como por exemplo, as atividades físicas;",Saúde
"Expandir e estruturar as equipes de Saúde Bucal ampliando a cobertura do serviço em 100% até 2028, e em parceria com o Governo Federal, implementar ações de tratamento de canal, entre outros serviços especializados;",Saúde
Monitorar a cobertura de vacinas para que os grupos prioritários de crianças e idosos possam ser atendidos com rapidez e eficácia;,Saúde
"Ampliar a Rede de Atenção às mulheres, crianças e adolescentes em situação de risco de saúde;",Saúde
Expandir ações de Planejamento Familiar por meio da ampliação do acesso aos métodos anticoncepcionais;,Saúde
Ampliar e estruturar os serviços de Saúde Mental;,Saúde
"Construir, reformar e reestruturar as Unidades Básicas de Saúde-UBS e os Postos de Saúde do Município;",Saúde
Fazer parcerias para o atendimento dos usuários de álcool e drogas nos hospitais gerais da rede estadual e credenciados;,Saúde
Garantir o atendimento humanizado das mulheres e crianças vítimas de violência;,Saúde
Qualificar pessoas para atendimento humanizado aos idosos e portadores de necessidades especiais;,Saúde
Promover ações de Educação em Saúde;,Saúde
Agilizar a coleta e resultados de exames de câncer do colo do útero;,Saúde
Buscar junto a rede estadual e conveniada o aumento da oferta de exames de média e alta complexidade para o Município;,Saúde
"Promover Campanhas de Combate à Dengue, Zika, Chicungunha e COVID-19;",Saúde
"Apoiar a Saúde das Gestantes através de ações do Programa Saúde da Família, integrado com Profissionais do NASF;",Saúde
"Ampliar o programa telessaúde  com  acesso  a um maior número de  especialistas,",Saúde
Implantar o Serviço de Atendimento Móvel de Urgência (SAMU);,Saúde
Desenvolver ações de prevenção e promoção da saúde do trabalhador.,Saúde
Adquirir veículos equipados para emergências;,Saúde
Atendimento Domiciliar ao Idoso;,Saúde
"Campanhas itinerantes, de atendimento de saúde, em todos os povoados.",Saúde
"Promover melhorias da estrutura física, dos equipamentos e dos serviços nos postos de saúde, garantindo, via parceria com o estado, o atendimento preventivo de saúde a toda população Morrense;",Saúde
Programa de capacitação continua para  profissionais atuantes na saúde  visando  à  prevenção  de  doenças  sexualmente  transmissíveis  e  cânceres comuns;,Saúde
Cursos intensivos para capacitação na atuação dos agentes de saúde e agentes de endemias;,Saúde
"Melhoria na distribuição gratuita de medicamentos para doenças como pressão alta, diabetes, colesterol e outros – Farmácia Básica;",Saúde
Recuperação  da  estrutura  dos  equipamentos  de  saúde  (postos)  já existentes apresentarem mau estado de conservação e/ou serviços deficitários;,Saúde
Reduzir  o  tempo  de  espera  para  consultas  médicas  nos  postos  de saúde da prefeitura.,Saúde
Equipar os Postos de Saúde com uma estrutura básica para realização de exames.,Saúde
"Contratação de profissionais de saúde como: médicos, dentistas, fisioterapeutas, nutricionistas, fonoaudiólogos etc.",Saúde
"Segurança pública possui como alicerces principais: aliança comunitária, transparência,  cuidado  com  pessoas,  grupos  e  temáticas  sensíveis  (reeducandos, crianças,  mulheres,  idosos,  deficientes,  meio  ambiente,  dentre  outros),  apoio  aos profissionais, refletindo o modo social de fazer segurança. As palavras-chave",Segurança
"Viabilizar  apoios  para  uma  maior  aproximação  com  a  comunidade,  por  meio  de conselhos de segurança, rondas e visitas comunitárias;",Segurança
Promover reforço efetivo de policiamento no município;,Segurança
Apoiar a classe policial no município;,Segurança
"Revitalizar e Apoiar as  ações do Conselho Municipal de Segurança, na implantação do de programas voltados;",Segurança
Valorização e Apoio as ações do Conselho Tutelar e Conselheiros;,Segurança
Viabilizar  e  firmar  parceria  com  a  Secretaria  Estadual  de  Segurança  para  o  bom funcionamento da Companhia de Polícia Militar.,Segurança
"Implantar sistema de monitoramento através da instalação de câmeras em torres de observação nas principais vias de acesso, que enviarão imagens de toda cidade em tempo real para uma central da Guarda Municipal;",Segurança
"Implementar convênio com o Estado para  o  aumento  de  efetivo  da  Polícia  Civil  e  Militar,  com  o  reestudo  do  convênio  de segurança e trânsito;",Segurança
Ampliar e consolidar programas e ações que garantam mais segurança para a população.,Segurança
CRIAÇÃO DE GUARDA MUNICIPAL,Segurança
"VALORIZAÇÃO E PRESERVAÇÃO DO PATRIMÔNIO PÚBLICO COM INSTALAÇÃO DE SISTEMAS DE VIDEOMONITORAMENTO  NAS  PRINCIPAIS  VIAS  DE  ACESSO  À  CIDADE,  NAS  PRAÇAS  E  PRÉDIOS  PÚBLICOS  COM  CÂMERAS QUE ENVIARÃO IMAGENS EM TEMPO REAL PARA UMA CENTRAL DA GUARDA MUNICIPAL.",Segurança
IMPLANTAÇÃO DE VIGILÂNCIA COMUNITÁRIA NAS LOCALIDADES MAIS POPULOSAS.,Segurança
"APOIO ATRAVÉS DE CONVÊNIO JUNTO AS POLICIAS (CIVIL E MILITAR) PARA COMBATE A INFRAÇÕES, CONTRAVENÇÕES E CRIMES NO MUNICÍPIO DE ANGICAL DO PIAUÍ.",Segurança
SOLICITAÇÃO DE IMPLANTAÇÃO DE UMA COMPANHIA INDEPENDENTE DA POLÍCIA MILITAR NO MUNICÍPIO.,Segurança
Garantir iluminação pública de qualidade em toda a cidade para uma melhor atuação da polícia militar e um maior conforto e segurança dos moradores;,Segurança
"Instalar  câmeras  de  segurança,  que  enviarão  imagens  de  toda  cidade  em  tempo  real para policia militar;",Segurança
"Implementar  convênio  com  o  Estado  para  o  aumento  de  efetivo  da  Policia  Militar, através de  convênio com o Estado;",Segurança
"Implantar  a  Política  Municipal  Integrada  de  Prevenção  à  Violência,  a cultura  de  paz  na  cidade  e  as  iniciativas  de  mediação  de  conflitos  nas comunidades de São Miguel do Tapuio;",Segurança
Implantar do Sistema de Monitoramento nos prédios públicos para garantir maior segurança;,Segurança
Criar a Guarda Municipal com atuação organizada e monitorada diariamente;,Segurança
Realizar parceria com o Governo do Estado para reforma e restruturação da Sede da Polícia Militar localizado na Rua Coletor José de Araújo;,Segurança
"Produzir e publicar materiais, eventos e campanhas para tratar de temas relacionados ao enfrentamento do machismo, do feminicídio, da translesbofobia e da violência contra as mulheres e ao empoderamento do público feminino;",Segurança
Viabilizar o projeto e canalizar verbas para construção de espaço adequado para o funcionamento da creche de tempo integral na sede do município.,Educação
Priorizar  investimentos  para  os  projetos  e  iniciativas  pedagógicas  das  instituições escolares.,Educação
"Regularizar  e  redefinir  a  avaliação  da  rede  pública  municipal  (Prova  SAREME2), considerando seus dados e resultados como parâmetros para a proposição de ações, formação  continuada  para  os  servidores,  docentes  e  gestores  e  articulação  de estratégias para aproximar as famílias das escolas.",Educação
"Definição da política municipal de educação para o alcance das metas no âmbito: da alfabetização das crianças até os sete (07) anos de idade, elevação dos índices de participação  e  da  média  nas  avaliações  externas  (SAEB3)  e  consequentemente melhorar o desempenho no IDEB4 e no IOEB5.",Educação
Definir  estratégias  para  eliminar  horários  ociosos  durante  o  período  de  atividades letivas.,Educação
Equipar as escolas e oferecer capacitação docente para os profissionais interagirem os processos tecnológicos a suas práticas docentes.,Educação
"Realizar  busca  ativa  nas  comunidades  para  melhorar  os  índices  de  matrículas  na rede municipal, mediante o compromisso por uma educação pública de qualidade.",Educação
"Atualizar  o  projeto  para  a  educação  especial  e  inclusiva,  instituindo  uma  política municipal centrada nas necessidades dos aprendizes.",Educação
Apoiar  a  qualificação  de  profissionais  docentes  do  quadro  efetivo  enquadrados  no atendimento de alunos neurodiversos.,Educação
"Discutir  a  aquisição  de  uma  plataforma  educacional  virtual  com  ferramentas  e ambientes de aprendizagem e interação acessíveis aos professores, alunos/famílias.",Educação
Reformar  as  Unidades  Escolares  com  estrutura  física  defasada  ou  ampliar  as Unidades  Escolares  que  atualmente  encontram-se  com  espaço  insuficiente  para atender os alunos matriculados;,Educação
Realizar concurso público para o preenchimento de vagas remanescentes no cargo efetivo de professor da rede pública de ensino;,Educação
"Promover uma educação inclusiva, com a adequação das instalações, contratação de profissionais de apoio, agenda de capacitação profissional, ensino de libras, ações de acolhimento  a  esses  alunos,  promoção  de  ações  voltadas  ao  convívio  social  na comunidade escolar e diálogo estreito com a família;",Educação
"Organizar eventos esportivos, educacionais e culturais nas escolas, como gincanas culturais, torneios esportivos interclasses e intercolegiais, semanas culturais, com apresentações artísticas, concursos educacionais de redação, português, matemática e demais matérias;",Educação
"Promover a constante avaliação da educação e dos profissionais da educação, com a valorização dos mais bem avaliados por meio de pagamento de 14º salário e apoio à especialização;",Educação
"Valorizar e premiar a excelência na educação, por meio de prêmios (como notebooks, bicicletas e outros) e apoio à família dos melhores alunos e vencedores de concursos e torneios desenvolvidos;",Educação
Promover o debate acerca da adoção do ensino em tempo integral na rede municipal de educação;,Educação
"Desenvolver  programas  de  ensino  técnico  e  profissionalizante  de  jovens,  voltado para  as  necessidades  modernas  de  emprego,  como  mídias  digitais,  áudio  e  vídeo, informática e outros.",Educação
Promoção de melhoria na estrutura física e nos equipamentos das escolas e creches;,Educação
"Garantia de transporte digno e eficiente aos estudantes que se deslocam dos povoados para a sede municipal, buscando a substituição da frota de ônibus escolares;",Educação
Realização de cursos de formação continuada para os professores;,Educação
Projetos de intensificação de melhoria da educação básica;,Educação
Implantação do Programa de Informática nas escolas;,Educação
Ampliar o número de vagas para educação infantil;,Educação
Reconstrução da Unidade Escolar Municipal “Severo Eulálio”;,Educação
Garantir a manutenção da qualidade da merenda escolar;,Educação
Ampliar a oferta de ensino em tempo integral;,Educação
Valorizar a carreira dos profissionais que integram o quadro de servidores da rede municipal de ensino;,Educação
Pagamento de 60% (sessenta porcento) dos recursos oriundos do precatório do FUNDEF aos professores da rede que fizerem jus;,Educação
"Garantir  vagas  para  todas  as  crianÁas  de  0  ao  5  ano  na  rede  municipal  de  ensino, promovendo o pleno atendimento dos educandos em creches e prÈ-escolas.",Educação
"Promover o aperfeiçoamento de todos os profissionais da rede municipal de ensino e adequar o plano de Cargos e Salários dos profissionais de educaçãoo, a fim de garantir a qualidade do ensino e melhoria da qualidade de vida da sociedade.",Educação
Ampliar e melhorar o transporte escolar para os alunos da rede municipal de ensino com o atendimento em todas as localidades da zona rural.,Educação
"Garantir a qualidade da merenda escolar, garantindo a compra de produtos  da agricultura familiar.",Educação
Garantir aos estudantes egressos do ensino mÈdio  o ingresso nos sistemas de cursos tÈcnico  e  superior  em  outros  municÌpios  com  o  suporte  atravÈs  do  transporte  escolar,Educação
"adequado, de aluguel em casas de apoio e ofertas de bolsas de estudos.",Educação
Garantir a distribuiçao de fardamento para todos os estudantes da rede municipal de ensino.,Educação
"Buscar parceria com o governo estadual e federal para ampliaçao da oferta de novos cursos  da  UAPI,  garantindo  a  oferta  do  ensino  tÈcnico  e  superior  a  todos  os  cidadoes  e  cidadoes franciscomacedense.",Educação
Implantar  escola  de  tempo  integral  para  toda  a  rede  Municipal  de  Ensino  para garantir a polÌtica nacional de educaçao.,Educação
Valorizar os profissionais da Educação;,Educação
"Implementar padrões básicos de infraestrutura física, material e de pessoal nas escolas públicas;",Educação
Fortalecer os programas de formação continuada de profissionais de educação e estabelecer bonificações por méritos e desempenho;,Educação
Implementar a escola de educação integral em tempo integral em100% das escolas e turmas;,Educação
"Ampliar e fortalecer o protagonismo juvenil, estimulando monitorias dos chamados agentes educacionais e articulando-os com os programas de pagamento de bolsas;",Educação
"Ampliar a quantidade de Centros de Interação Escola, Família e Comunidade;",Educação
Ampliar e Fortalecer  as ações Intersetoriais e parcerias com instituições públicas e privadas;,Educação
Criar o Centro de Formação para os profissionais da educação;,Educação
Implementar o Núcleo de atendimento especializado da pessoa com deficiência de Domingos Mourão;,Educação
Implementar reajustes superiores a inflação e de forma diferenciada para categoria do magistério;,Educação
Implantar esportes olímpicos nas escolas como o judô;,Educação
Entregar kit de irrigação para cada escola da rede municipal para que sejam ampliadas as ações e projetos de hortas na escola;,Educação
Perfurar poços tubulares nas escolas e implantar energia solar;,Educação
Implementar o preparatório municipal para o ENEM;,Educação
Ofertar aos estudantes universitários Casa de Apoio ao estudante nos municípios de Piripiri e Pedro II.,Educação
"Ampliar as turmas de Robótica, aulas de Informática, Educação Financeira, Empreendedorismo, através do Programa Avança Educação;",Educação
"Ampliar o acesso e valorizar o ensino profissionalizante, buscando incentivar a melhoria e expansão do ensino técnico e de serviços de assistência técnica e extensão rural;",Educação
"Promover a educação das relações étnico raciais, por meio da valorização da diversidade etnicorracional e cultural;",Educação
"Reconhecer a educação ambiental como processo continuado, permanente, formal e não formal, crítico, participativo e focado na formação de uma cidadania ativa em favor da sustentabilidade social.",Educação
"Promover políticas ativas de erradicação do analfabetismo entre as mulheres e os homens jovens, adultos e idosos.",Educação
"Implantar o Programa Alfabetiza Domingos Mourão tendo como meta a alfabetização de 100% das crianças e a redução do analfabetismo de jovens, adultos e idosos visando a elevação da escolaridade da população;",Educação
Ampliar as políticas de bonificações de alunos e respectivos professores com maior número de medalhas e certificados nas Olímpiadas externas.,Educação
Aquisição de mobiliários e equipamentos de informática;,Educação
Criar Centros Municipais de Educação Infantil – CMEIS com infraestrutura adequada ao atendimento das crianças da Educação Infanti em Tempo Integral (Creche e Pré – Escola);,Educação
Melhorar a Ampliar a Frota de Transporte Escolar garantindo conforto e segurança aos estudantes;,Educação
Melhorar a estrutura das Salas de Atendimento Educacional Especializado e ampliar a formação para Gestores e professores com foco na temática Educação Inclusiva;,Educação
Criar o Pré- Enem Municipal com preparação cognitiva e emocional com acompanhamento de Professores e Psicólogo.,Educação
Buscar junto ao Governo Estadual mais oferta de Cursos na Universidade Aberta;,Educação
Erradicar as turmas multisseriadas.,Educação
"Construir, Monitorar e Implementar o Novo Plano Municipal de Educação.",Educação
Adquirir uma caminhonete e uma moto para Secretaria de Educação;,Educação
